user id,first name,last name,email,password,typepportis94,Paul,Portis,pportis94@email.com,password,registeredccourter85,Celeste,Courter,ccourter85@email.com,password,registeredrremaley25,Rachal,Remaley,rremaley25@email.com,password,registeredooxley88,Oretha,Oxley,ooxley88@email.com,password,registeredeesser69,Elanor,Esser,eesser69@email.com,password,registerediiles10,Ivana,Iles,iiles10@email.com,password,registeredeellefson55,Ellie,Ellefson,eellefson55@email.com,password,registeredeedson84,Eleonor,Edson,eedson84@email.com,password,registeredmmonti24,Margart,Monti,mmonti24@email.com,password,registeredddeininger33,Denae,Deininger,ddeininger33@email.com,password,registeredrrethman53,Randee,Rethman,rrethman53@email.com,password,registeredhhur31,Hazel,Hur,hhur31@email.com,password,registeredttedrick74,Tereasa,Tedrick,ttedrick74@email.com,password,registeredllanghorne81,Letisha,Langhorne,llanghorne81@email.com,password,registeredmmetzger40,Malvina,Metzger,mmetzger40@email.com,password,registeredmmillette93,Marvella,Millette,mmillette93@email.com,password,registeredkknoll94,Kory,Knoll,kknoll94@email.com,password,registeredjjoynes6,Julius,Joynes,jjoynes6@email.com,password,registeredmmarch47,Mickey,March,mmarch47@email.com,password,registeredccharlebois77,Clayton,Charlebois,ccharlebois77@email.com,password,registeredmmoise54,Marcelo,Moise,mmoise54@email.com,password,registeredaazure97,Ayanna,Azure,aazure97@email.com,password,registeredaaikins27,Arla,Aikins,aaikins27@email.com,password,registeredttarbox8,Tasia,Tarbox,ttarbox8@email.com,password,registeredpplaisted35,Peggie,Plaisted,pplaisted35@email.com,password,registeredhharrill53,Heide,Harrill,hharrill53@email.com,password,registeredbbottom68,Babette,Bottom,bbottom68@email.com,password,registeredccurrey5,Conrad,Currey,ccurrey5@email.com,password,registeredrrapier83,Rivka,Rapier,rrapier83@email.com,password,registeredaalfred87,Anastasia,Alfred,aalfred87@email.com,password,registeredppeach29,Phillip,Peach,ppeach29@email.com,password,registeredeesquilin3,Elise,Esquilin,eesquilin3@email.com,password,registeredaatencio46,Amie,Atencio,aatencio46@email.com,password,registeredggalbreath51,German,Galbreath,ggalbreath51@email.com,password,registeredvvergara49,Vickie,Vergara,vvergara49@email.com,password,registeredbbox79,Bell,Box,bbox79@email.com,password,registeredrrockett45,Rolland,Rockett,rrockett45@email.com,password,registeredjjardine42,Janeen,Jardine,jjardine42@email.com,password,registeredllavender9,Lorean,Lavender,llavender9@email.com,password,registeredssimonetti89,Suzi,Simonetti,ssimonetti89@email.com,password,registeredrransome82,Rosita,Ransome,rransome82@email.com,password,registeredrridgell14,Roselee,Ridgell,rridgell14@email.com,password,registeredffierros4,Francie,Fierros,ffierros4@email.com,password,registeredttullos39,Trinidad,Tullos,ttullos39@email.com,password,registeredssugar48,Sage,Sugar,ssugar48@email.com,password,registeredzzickefoose47,Zenia,Zickefoose,zzickefoose47@email.com,password,registeredjjordan26,Johnson,Jordan,jjordan26@email.com,password,registeredoouzts70,Ocie,Ouzts,oouzts70@email.com,password,registeredoord99,Omer,Ord,oord99@email.com,password,registeredeevans55,Earline,Evans,eevans55@email.com,password,registeredwwhipkey39,Willetta,Whipkey,wwhipkey39@email.com,password,registeredaalvord49,Abigail,Alvord,aalvord49@email.com,password,registerediishee8,Irene,Ishee,iishee8@email.com,password,registeredjjanousek26,John,Janousek,jjanousek26@email.com,password,registeredjjhonson72,Jack,Jhonson,jjhonson72@email.com,password,registeredccavallo84,Cami,Cavallo,ccavallo84@email.com,password,registeredffelch80,Fermin,Felch,ffelch80@email.com,password,registeredppouliot59,Philip,Pouliot,ppouliot59@email.com,password,registeredooberholtzer6,Ofelia,Oberholtzer,ooberholtzer6@email.com,password,registeredjjasper63,Jodee,Jasper,jjasper63@email.com,password,registerediishida20,Ian,Ishida,iishida20@email.com,password,registeredvvose9,Valorie,Vose,vvose9@email.com,password,registeredddardar35,Dallas,Dardar,ddardar35@email.com,password,registeredggaffney91,Georgetta,Gaffney,ggaffney91@email.com,password,registeredssylvain12,Sofia,Sylvain,ssylvain12@email.com,password,registeredeengelbrecht8,Elene,Engelbrecht,eengelbrecht8@email.com,password,registeredbbramhall45,Blythe,Bramhall,bbramhall45@email.com,password,registeredccimino53,Chelsea,Cimino,ccimino53@email.com,password,registeredcchristofferse88,Charise,Christofferse,cchristofferse88@email.com,password,registeredsshah76,Sal,Shah,sshah76@email.com,password,registeredttouchton45,Tomiko,Touchton,ttouchton45@email.com,password,registeredsstoudt16,Scottie,Stoudt,sstoudt16@email.com,password,registeredccustis28,Carola,Custis,ccustis28@email.com,password,registeredmmesser19,Marilee,Messer,mmesser19@email.com,password,registeredhhare12,Hildred,Hare,hhare12@email.com,password,registeredaacklin81,Annice,Acklin,aacklin81@email.com,password,registeredbbaltazar26,Bernardo,Baltazar,bbaltazar26@email.com,password,registeredbbranner58,Berry,Branner,bbranner58@email.com,password,registeredaasbill92,Avis,Asbill,aasbill92@email.com,password,registeredrruhl48,Rey,Ruhl,rruhl48@email.com,password,registeredaauthement86,Apryl,Authement,aauthement86@email.com,password,registeredbblue70,Brigette,Blue,bblue70@email.com,password,registeredccobler67,Cathryn,Cobler,ccobler67@email.com,password,registeredmmaner74,Mindy,Maner,mmaner74@email.com,password,registeredddietrich76,Derick,Dietrich,ddietrich76@email.com,password,registeredddhillon27,Dorthy,Dhillon,ddhillon27@email.com,password,registeredaarmendariz91,Augustus,Armendariz,aarmendariz91@email.com,password,registeredttoribio63,Tracee,Toribio,ttoribio63@email.com,password,registeredaalvelo80,Alaine,Alvelo,aalvelo80@email.com,password,registeredbbautch63,Brett,Bautch,bbautch63@email.com,password,registerednnicolai91,Nettie,Nicolai,nnicolai91@email.com,password,registeredjjohanson9,Jaqueline,Johanson,jjohanson9@email.com,password,registeredaadolphsen53,Alecia,Adolphsen,aadolphsen53@email.com,password,registeredkkulp39,Kristyn,Kulp,kkulp39@email.com,password,registeredaalter51,Arica,Alter,aalter51@email.com,password,registeredllasher36,Long,Lasher,llasher36@email.com,password,registeredaallen34,Angella,Allen,aallen34@email.com,password,registeredppetrus19,Paulette,Petrus,ppetrus19@email.com,password,registeredggilder34,Garnett,Gilder,ggilder34@email.com,password,registeredrrubenstein52,Rogelio,Rubenstein,rrubenstein52@email.com,password,registeredkkonrad65,Kiera,Konrad,kkonrad65@email.com,password,registeredddegroff24,Dionna,Degroff,ddegroff24@email.com,password,registeredwwisecup20,Willette,Wisecup,wwisecup20@email.com,password,registeredttwist21,Todd,Twist,ttwist21@email.com,password,registeredsshafer24,Suellen,Shafer,sshafer24@email.com,password,registeredsswanner68,Shavonne,Swanner,sswanner68@email.com,password,registeredooppenheim15,Oralia,Oppenheim,ooppenheim15@email.com,password,registeredjjasinski62,Juli,Jasinski,jjasinski62@email.com,password,registeredvvargo89,Vickie,Vargo,vvargo89@email.com,password,registeredggran17,Gail,Gran,ggran17@email.com,password,registeredkkerr52,Kalyn,Kerr,kkerr52@email.com,password,registeredmmedlin9,Marie,Medlin,mmedlin9@email.com,password,registeredttow65,Terra,Tow,ttow65@email.com,password,registeredffraser98,France,Fraser,ffraser98@email.com,password,registeredgguice87,Gay,Guice,gguice87@email.com,password,registeredkkarter33,Kirk,Karter,kkarter33@email.com,password,registeredkkieser26,Karolyn,Kieser,kkieser26@email.com,password,registeredaabrams43,Antionette,Abrams,aabrams43@email.com,password,registeredrreuss69,Randy,Reuss,rreuss69@email.com,password,registeredaarledge20,Angeles,Arledge,aarledge20@email.com,password,registeredsshupp14,Saran,Shupp,sshupp14@email.com,password,registeredyyeaton86,Yaeko,Yeaton,yyeaton86@email.com,password,registeredsspeno63,Simone,Speno,sspeno63@email.com,password,registeredccordell65,Coletta,Cordell,ccordell65@email.com,password,registeredaalmonte46,Alina,Almonte,aalmonte46@email.com,password,registeredvveras38,Vera,Veras,vveras38@email.com,password,registeredjjohn23,Jamaal,John,jjohn23@email.com,password,registeredmmaring13,Merrie,Maring,mmaring13@email.com,password,registeredsstanfill90,Stephenie,Stanfill,sstanfill90@email.com,password,registeredbboyce5,Betty,Boyce,bboyce5@email.com,password,registeredrranallo38,Robbin,Ranallo,rranallo38@email.com,password,registeredttabron44,Torie,Tabron,ttabron44@email.com,password,registeredtturpin59,Tonette,Turpin,tturpin59@email.com,password,registeredmmorocco73,May,Morocco,mmorocco73@email.com,password,registerediimai29,Inez,Imai,iimai29@email.com,password,registeredmmcsween78,Mirtha,Mcsween,mmcsween78@email.com,password,registeredllevenson44,Linnie,Levenson,llevenson44@email.com,password,registeredssayles80,Shanon,Sayles,ssayles80@email.com,password,registeredddeloney63,Domonique,Deloney,ddeloney63@email.com,password,registeredoortego50,Odis,Ortego,oortego50@email.com,password,registeredeedick1,Eliza,Edick,eedick1@email.com,password,registeredpprochaska57,Paulina,Prochaska,pprochaska57@email.com,password,registeredmmccraw82,Manual,Mccraw,mmccraw82@email.com,password,registeredppalos92,Palma,Palos,ppalos92@email.com,password,registeredrroher50,Rena,Roher,rroher50@email.com,password,registeredmmarceau33,Moshe,Marceau,mmarceau33@email.com,password,registeredsshiffer94,Sharen,Shiffer,sshiffer94@email.com,password,registeredrrouse18,Rhoda,Rouse,rrouse18@email.com,password,registeredllasky41,Lucrecia,Lasky,llasky41@email.com,password,registeredttindal48,Thomasena,Tindal,ttindal48@email.com,password,registeredyyonts71,Yuki,Yonts,yyonts71@email.com,password,registeredmmatthew71,Mirtha,Matthew,mmatthew71@email.com,password,registeredggeis25,Grazyna,Geis,ggeis25@email.com,password,registeredffeldmann27,Fredericka,Feldmann,ffeldmann27@email.com,password,registeredyyounts57,Yolando,Younts,yyounts57@email.com,password,registeredhhildebrandt32,Herschel,Hildebrandt,hhildebrandt32@email.com,password,registeredccarpio48,Cherly,Carpio,ccarpio48@email.com,password,registeredmmaines44,Manie,Maines,mmaines44@email.com,password,registeredlleinen65,Lauretta,Leinen,lleinen65@email.com,password,registeredddutra42,Danika,Dutra,ddutra42@email.com,password,registeredhhuggett84,Hortense,Huggett,hhuggett84@email.com,password,registeredsstine82,Sunday,Stine,sstine82@email.com,password,registeredjjohns87,Jake,Johns,jjohns87@email.com,password,registeredttemme28,Tracy,Temme,ttemme28@email.com,password,registeredaamundson76,Amina,Amundson,aamundson76@email.com,password,registeredppoquette94,Pearlie,Poquette,ppoquette94@email.com,password,registeredyyunker3,Yukiko,Yunker,yyunker3@email.com,password,registerednnewcomb51,Nelida,Newcomb,nnewcomb51@email.com,password,registeredkkaram37,Kathern,Karam,kkaram37@email.com,password,registeredllanglinais54,Laure,Langlinais,llanglinais54@email.com,password,registeredsstorlie79,Shanae,Storlie,sstorlie79@email.com,password,registeredllingerfelt42,Lydia,Lingerfelt,llingerfelt42@email.com,password,registeredttheobald39,Tanika,Theobald,ttheobald39@email.com,password,registeredllauro1,Latoria,Lauro,llauro1@email.com,password,registeredgglassman28,Gregorio,Glassman,gglassman28@email.com,password,registeredllacy15,Loria,Lacy,llacy15@email.com,password,registeredvvillicana24,Viki,Villicana,vvillicana24@email.com,password,registeredlleppert19,Lai,Leppert,lleppert19@email.com,password,registeredeebbert69,Enriqueta,Ebbert,eebbert69@email.com,password,registeredbbirkland32,Bernadette,Birkland,bbirkland32@email.com,password,registeredvvandergriff48,Vernita,Vandergriff,vvandergriff48@email.com,password,registeredjjanes45,Jeffie,Janes,jjanes45@email.com,password,registeredrricker80,Raina,Ricker,rricker80@email.com,password,registeredddesai55,Delana,Desai,ddesai55@email.com,password,registeredggonsalez4,Glory,Gonsalez,ggonsalez4@email.com,password,registeredddezern6,Darwin,Dezern,ddezern6@email.com,password,registeredaappleton81,Alfonso,Appleton,aappleton81@email.com,password,registeredzzajac24,Zena,Zajac,zzajac24@email.com,password,registeredrreppert22,Randall,Reppert,rreppert22@email.com,password,registerednnipp53,Nancy,Nipp,nnipp53@email.com,password,registeredggerow63,Glayds,Gerow,ggerow63@email.com,password,registerednnakata94,Norberto,Nakata,nnakata94@email.com,password,registeredcconners27,Chad,Conners,cconners27@email.com,password,registeredttomlin86,Thalia,Tomlin,ttomlin86@email.com,password,registeredeechevarria57,Eddie,Echevarria,eechevarria57@email.com,password,registeredrrafferty73,Rubye,Rafferty,rrafferty73@email.com,password,registeredddibella97,Danelle,Dibella,ddibella97@email.com,password,registeredccrosby49,Cathern,Crosby,ccrosby49@email.com,password,registeredmmaze12,Margaret,Maze,mmaze12@email.com,password,registeredjjacobson90,Janyce,Jacobson,jjacobson90@email.com,password,registeredrready50,Russel,Ready,rready50@email.com,password,registeredmmaslowski41,Mireya,Maslowski,mmaslowski41@email.com,password,registeredllowenstein68,Leigha,Lowenstein,llowenstein68@email.com,password,registeredaatha78,Annelle,Atha,aatha78@email.com,password,registeredmmunguia38,Magali,Munguia,mmunguia38@email.com,password,registeredcchristner53,Cindi,Christner,cchristner53@email.com,password,registeredaalger46,Adah,Alger,aalger46@email.com,password,registeredkkurz61,Katelyn,Kurz,kkurz61@email.com,password,registeredddrost75,Delmy,Drost,ddrost75@email.com,password,registeredsspadafora12,Shaunda,Spadafora,sspadafora12@email.com,password,registeredmmelendrez53,Millard,Melendrez,mmelendrez53@email.com,password,registeredpplace1,Paris,Place,pplace1@email.com,password,registeredsservice8,Sharita,Service,sservice8@email.com,password,registeredmmoran10,Mirta,Moran,mmoran10@email.com,password,registeredeeis36,Eun,Eis,eeis36@email.com,password,registeredppresident61,Perry,President,ppresident61@email.com,password,registeredeeccles31,Elenore,Eccles,eeccles31@email.com,password,registeredkkitson9,Katherina,Kitson,kkitson9@email.com,password,registeredrrosenblum48,Rosette,Rosenblum,rrosenblum48@email.com,password,registeredkknerr9,Kathrine,Knerr,kknerr9@email.com,password,registeredjjepsen90,Janelle,Jepsen,jjepsen90@email.com,password,registeredllasch5,Lucio,Lasch,llasch5@email.com,password,registerednnicolosi67,Noe,Nicolosi,nnicolosi67@email.com,password,registeredllitten11,Lora,Litten,llitten11@email.com,password,registeredhhynd85,Hope,Hynd,hhynd85@email.com,password,registeredppratts27,Patria,Pratts,ppratts27@email.com,password,registeredmmassey57,Milissa,Massey,mmassey57@email.com,password,registeredddutton58,Diann,Dutton,ddutton58@email.com,password,registeredaandrews62,Arielle,Andrews,aandrews62@email.com,password,registeredbbrazile91,Blanca,Brazile,bbrazile91@email.com,password,registeredmmonk46,Mika,Monk,mmonk46@email.com,password,registeredeeisenhower73,Elvina,Eisenhower,eeisenhower73@email.com,password,registeredlleer89,Letty,Leer,lleer89@email.com,password,registerediismail81,Ines,Ismail,iismail81@email.com,password,registeredsstufflebeam20,Soledad,Stufflebeam,sstufflebeam20@email.com,password,registeredlluc73,Laine,Luc,lluc73@email.com,password,registerednnottage70,Nicki,Nottage,nnottage70@email.com,password,registeredccambron58,Carmelo,Cambron,ccambron58@email.com,password,registeredhherzberg42,Huey,Herzberg,hherzberg42@email.com,password,registeredllaurin20,Lorna,Laurin,llaurin20@email.com,password,registeredssommerfield53,Stephaine,Sommerfield,ssommerfield53@email.com,password,registeredccoronel66,Christy,Coronel,ccoronel66@email.com,password,registeredrrollinson38,Roselyn,Rollinson,rrollinson38@email.com,password,registeredbbrant97,Blondell,Brant,bbrant97@email.com,password,registeredccameron8,Cherish,Cameron,ccameron8@email.com,password,registeredddenk63,Desmond,Denk,ddenk63@email.com,password,registeredccostello68,Clemencia,Costello,ccostello68@email.com,password,registeredddesiderio18,Darrel,Desiderio,ddesiderio18@email.com,password,registeredddoerr23,Deanna,Doerr,ddoerr23@email.com,password,registeredfflury12,Fumiko,Flury,fflury12@email.com,password,registeredsspringfield89,Slyvia,Springfield,sspringfield89@email.com,password,registeredeellender96,Estell,Ellender,eellender96@email.com,password,registeredmmart86,Maud,Mart,mmart86@email.com,password,registeredccrow60,Carmelia,Crow,ccrow60@email.com,password,registeredddulle88,Del,Dulle,ddulle88@email.com,password,registeredppettey23,Pauletta,Pettey,ppettey23@email.com,password,registeredccovarrubias1,Caprice,Covarrubias,ccovarrubias1@email.com,password,registeredbbergan39,Berna,Bergan,bbergan39@email.com,password,registeredwwiemann30,Walker,Wiemann,wwiemann30@email.com,password,registeredccanup80,Coletta,Canup,ccanup80@email.com,password,registeredmmatos56,Melina,Matos,mmatos56@email.com,password,registeredwwyrick1,Wanda,Wyrick,wwyrick1@email.com,password,registereddderosia93,Dannie,Derosia,dderosia93@email.com,password,registeredrrizer67,Ruthe,Rizer,rrizer67@email.com,password,registeredmmccully11,Myrtie,Mccully,mmccully11@email.com,password,registeredhhubley91,Haley,Hubley,hhubley91@email.com,password,registeredllarabee81,Lamonica,Larabee,llarabee81@email.com,password,registeredssenn29,Selma,Senn,ssenn29@email.com,password,registeredppopp60,Petronila,Popp,ppopp60@email.com,password,registeredeeisen38,Evia,Eisen,eeisen38@email.com,password,registeredvvester23,Violeta,Vester,vvester23@email.com,password,registeredccrumble11,Cecila,Crumble,ccrumble11@email.com,password,registeredaanglin92,Ariana,Anglin,aanglin92@email.com,password,registeredmmoyer89,Matthew,Moyer,mmoyer89@email.com,password,registeredddelpozo50,Dominick,Delpozo,ddelpozo50@email.com,password,registeredpprange34,Pete,Prange,pprange34@email.com,password,registeredmmccaul98,Melia,Mccaul,mmccaul98@email.com,password,registeredggehrke65,Georgetta,Gehrke,ggehrke65@email.com,password,registeredjjefferis87,Janiece,Jefferis,jjefferis87@email.com,password,registeredmmarinez62,Maryland,Marinez,mmarinez62@email.com,password,registeredddeyoung18,Dick,Deyoung,ddeyoung18@email.com,password,registeredvvandenbosch62,Verdell,Vandenbosch,vvandenbosch62@email.com,password,registeredvvuong12,Vivien,Vuong,vvuong12@email.com,password,registeredttoomey12,Tamela,Toomey,ttoomey12@email.com,password,registeredccartagena89,Charity,Cartagena,ccartagena89@email.com,password,registeredllevingston11,Lera,Levingston,llevingston11@email.com,password,registeredttwiford51,Tracie,Twiford,ttwiford51@email.com,password,registeredddorton10,Dorine,Dorton,ddorton10@email.com,password,registeredjjanke8,Juliana,Janke,jjanke8@email.com,password,registeredooconnell38,Ocie,Oconnell,ooconnell38@email.com,password,registeredkkuiper70,Kellee,Kuiper,kkuiper70@email.com,password,registeredddavid65,Danna,David,ddavid65@email.com,password,registeredbbrumbelow74,Bettina,Brumbelow,bbrumbelow74@email.com,password,registeredcclickner61,Cecile,Clickner,cclickner61@email.com,password,registeredjjury82,Jaunita,Jury,jjury82@email.com,password,registeredsshorey24,Shira,Shorey,sshorey24@email.com,password,registeredaariza15,Aurora,Ariza,aariza15@email.com,password,registereddditmore45,Deedee,Ditmore,dditmore45@email.com,password,registeredeeakin75,Emil,Eakin,eeakin75@email.com,password,registeredccocke9,Cassey,Cocke,ccocke9@email.com,password,registered